/*
Navicat MySQL Data Transfer

Source Server         : php
Source Server Version : 50505
Source Host           : localhost:3306
Source Database       : cms

Target Server Type    : MYSQL
Target Server Version : 50505
File Encoding         : 65001

Date: 2017-02-09 08:17:18
*/

SET FOREIGN_KEY_CHECKS=0;

-- ----------------------------
-- Table structure for think_about
-- ----------------------------
DROP TABLE IF EXISTS `think_about`;
CREATE TABLE `think_about` (
  `id` tinyint(3) unsigned NOT NULL AUTO_INCREMENT,
  `content` text,
  PRIMARY KEY (`id`)
) ENGINE=InnoDB AUTO_INCREMENT=2 DEFAULT CHARSET=utf8;

-- ----------------------------
-- Records of think_about
-- ----------------------------
INSERT INTO `think_about` VALUES ('1', '&lt;span style=&quot;line-height:2em;&quot;&gt;&lt;span style=&quot;font-family:微软雅黑;&quot;&gt;&lt;span style=&quot;font-size:16px;&quot;&gt;&lt;/span&gt;&lt;/span&gt;&lt;/span&gt;&lt;span style=&quot;font-family:微软雅黑;font-size:16px;line-height:2em;&quot;&gt;&amp;nbsp;&amp;nbsp;&amp;nbsp;&amp;nbsp;&amp;nbsp;&amp;nbsp;&amp;nbsp;&amp;nbsp;北京华电恒瑞电力工程技术有限公司成立于2009年，注册资本5100万元，是电力系统领域一支专业从事输配电开关设备和高低压电气成套设备的团队，销售及服务网络遍布全国各地。&lt;/span&gt;&lt;br /&gt;\r\n&lt;span style=&quot;font-family:微软雅黑;font-size:16px;line-height:2em;&quot;&gt;&lt;/span&gt;\r\n&lt;p&gt;\r\n	&lt;span style=&quot;line-height:2em;&quot;&gt;&lt;span style=&quot;font-family:微软雅黑;&quot;&gt;&lt;span style=&quot;font-size:16px;&quot;&gt;　\r\n　公司于北京、山东设立现代化的综合性厂房，拥有一套完整的研发、设计、生产、销售、售后系统，具有先进的技术研发和生产制造能力。公司始终坚持“技术创\r\n新，严格管理；客户至上，质量为本；精心实施，服务第一”的经营管理方针，引进ERP管理系统，严格按照国家技术标准及质量管理体系执行。并获得国家\r\nISO9001质量管理体系认证证书、ISO14001环境管理体系认证证书、OHSAS18001职业健康安全管理体系认证证书、中国中小型企业协会企\r\n业信用等级证书等。&lt;br /&gt;\r\n&lt;br /&gt;\r\n　　公司主要从事输配电开关设备和高低压电气成套设备的研发、设计、生产、销售工作，根据国家技术标准执行，并获得中国国家强制性产品认证证书（CCC）、国家节能产品质量监督检验中心型式试验及委托试验证书及国家检测中心的相关证书。&lt;br /&gt;\r\n&lt;br /&gt;\r\n　　“技术创新，严格管理”是北京华电恒瑞电力工程技术有限公司进步的源泉，与中国电力科学院等国内外知名电气机构建立密切的技术交流关系。“客户至上，\r\n质量为本“是北京华电恒瑞电力工程技术有限公司的产品服务宗旨，售后网点分布北京、山东、新疆、广东等省份，贯彻“精心实施，服务第一”的理念。&lt;br /&gt;\r\n&lt;br /&gt;\r\n　　北京华电恒瑞电力工程技术有限公司致力于电力行业的新技术及新产品的研发、推广和应用，坚持高新技术产业化，产品技术国际化的方针。贯彻“平稳把握科\r\n技前沿，真诚传输恒久阳光”的企业口号，树立“以客户为关注焦点，追求服务尽善尽美”的服务宗旨，奉行“振兴企业　报效国家　奉献社会”的发展理念，塑造\r\n良好的企业形象。&lt;br /&gt;\r\n&lt;br /&gt;\r\n　　平稳把握科技前沿，真诚传输恒久阳光，华电恒瑞愿与您共创美好未来！&lt;/span&gt;&lt;/span&gt;&lt;/span&gt; \r\n&lt;/p&gt;\r\n&lt;p align=&quot;center&quot;&gt;\r\n	&lt;span style=&quot;line-height:2em;&quot;&gt;&lt;span style=&quot;font-family:微软雅黑;&quot;&gt;&lt;span style=&quot;font-size:16px;&quot;&gt;&lt;img src=&quot;/Public/editor/attached/image/20170126/20170126080117_79197.jpg&quot; alt=&quot;&quot; /&gt;&lt;br /&gt;\r\n&lt;/span&gt;&lt;/span&gt;&lt;/span&gt; \r\n&lt;/p&gt;\r\n&lt;p&gt;\r\n	&lt;span style=&quot;line-height:2em;&quot;&gt;&lt;span style=&quot;font-family:微软雅黑;&quot;&gt;&lt;span style=&quot;font-size:16px;&quot;&gt;&lt;br /&gt;\r\n&lt;/span&gt;&lt;/span&gt;&lt;/span&gt; \r\n&lt;/p&gt;\r\n&lt;br /&gt;');

-- ----------------------------
-- Table structure for think_culture
-- ----------------------------
DROP TABLE IF EXISTS `think_culture`;
CREATE TABLE `think_culture` (
  `id` tinyint(3) unsigned NOT NULL AUTO_INCREMENT,
  `content` text,
  PRIMARY KEY (`id`)
) ENGINE=InnoDB AUTO_INCREMENT=2 DEFAULT CHARSET=utf8;

-- ----------------------------
-- Records of think_culture
-- ----------------------------
INSERT INTO `think_culture` VALUES ('1', '&lt;span style=&quot;color:#008000;&quot;&gt;&lt;span style=&quot;line-height:3em;&quot;&gt;&lt;span style=&quot;font-size:16px;&quot;&gt;&lt;span style=&quot;font-family:微软雅黑;&quot;&gt;经营理念：&lt;/span&gt;&lt;/span&gt;&lt;/span&gt;&lt;/span&gt;&lt;span style=&quot;line-height:3em;&quot;&gt;&lt;span style=&quot;font-size:16px;&quot;&gt;&lt;span style=&quot;font-family:微软雅黑;&quot;&gt;以人为本 &amp;nbsp;发展共赢 &amp;nbsp;&amp;nbsp;奉献社会&lt;/span&gt;&lt;/span&gt;&lt;/span&gt;&lt;br /&gt;\r\n&lt;span style=&quot;color:#008000;&quot;&gt;&lt;span style=&quot;line-height:3em;&quot;&gt;&lt;span style=&quot;font-size:16px;&quot;&gt;&lt;span style=&quot;font-family:微软雅黑;&quot;&gt; 核心竞争力：&lt;/span&gt;&lt;/span&gt;&lt;/span&gt;&lt;/span&gt;&lt;span style=&quot;line-height:3em;&quot;&gt;&lt;span style=&quot;font-size:16px;&quot;&gt;&lt;span style=&quot;font-family:微软雅黑;&quot;&gt;科技 &amp;nbsp;高效 &amp;nbsp;专业 &amp;nbsp;服务&lt;/span&gt;&lt;/span&gt;&lt;/span&gt;&lt;br /&gt;\r\n&lt;span style=&quot;color:#008000;&quot;&gt;&lt;span style=&quot;line-height:3em;&quot;&gt;&lt;span style=&quot;font-size:16px;&quot;&gt;&lt;span style=&quot;font-family:微软雅黑;&quot;&gt; 企业价值观：&lt;/span&gt;&lt;/span&gt;&lt;/span&gt;&lt;/span&gt;&lt;span style=&quot;line-height:3em;&quot;&gt;&lt;span style=&quot;font-size:16px;&quot;&gt;&lt;span style=&quot;font-family:微软雅黑;&quot;&gt;诚信 &amp;nbsp;务实 &amp;nbsp;创新 &amp;nbsp;超越&lt;/span&gt;&lt;/span&gt;&lt;/span&gt;&lt;br /&gt;\r\n&lt;span style=&quot;color:#008000;&quot;&gt;&lt;span style=&quot;line-height:3em;&quot;&gt;&lt;span style=&quot;font-size:16px;&quot;&gt;&lt;span style=&quot;font-family:微软雅黑;&quot;&gt; 企业精神：&lt;/span&gt;&lt;/span&gt;&lt;/span&gt;&lt;/span&gt;&lt;span style=&quot;line-height:3em;&quot;&gt;&lt;span style=&quot;font-size:16px;&quot;&gt;&lt;span style=&quot;font-family:微软雅黑;&quot;&gt;与时俱进 &amp;nbsp;&amp;nbsp;勇于超越&lt;/span&gt;&lt;/span&gt;&lt;/span&gt;&lt;br /&gt;\r\n&lt;span style=&quot;color:#008000;&quot;&gt;&lt;span style=&quot;line-height:3em;&quot;&gt;&lt;span style=&quot;font-size:16px;&quot;&gt;&lt;span style=&quot;font-family:微软雅黑;&quot;&gt; 企业愿景：&lt;/span&gt;&lt;/span&gt;&lt;/span&gt;&lt;/span&gt;&lt;span style=&quot;line-height:3em;&quot;&gt;&lt;span style=&quot;font-size:16px;&quot;&gt;&lt;span style=&quot;font-family:微软雅黑;&quot;&gt;成就自我 &amp;nbsp;成就未来&lt;/span&gt;&lt;/span&gt;&lt;/span&gt;&lt;br /&gt;\r\n&lt;span style=&quot;color:#008000;&quot;&gt;&lt;span style=&quot;line-height:3em;&quot;&gt; &lt;span style=&quot;font-size:16px;&quot;&gt;&lt;span style=&quot;font-family:微软雅黑;&quot;&gt;基本方针：&lt;/span&gt;&lt;/span&gt;&lt;/span&gt;&lt;/span&gt;&lt;span style=&quot;line-height:3em;&quot;&gt;&lt;span style=&quot;font-size:16px;&quot;&gt;&lt;span style=&quot;font-family:微软雅黑;&quot;&gt;技术创新，严格管理；客户至上，质量为本；精心实施，服务第一&lt;/span&gt;&lt;/span&gt;&lt;/span&gt;&lt;br /&gt;\r\n&lt;span style=&quot;color:#008000;&quot;&gt;&lt;span style=&quot;line-height:3em;&quot;&gt;&lt;span style=&quot;font-size:16px;&quot;&gt;&lt;span style=&quot;font-family:微软雅黑;&quot;&gt; 员工守则：&lt;/span&gt;&lt;/span&gt;&lt;/span&gt;&lt;/span&gt;&lt;span style=&quot;line-height:3em;&quot;&gt;&lt;span style=&quot;font-size:16px;&quot;&gt;&lt;span style=&quot;font-family:微软雅黑;&quot;&gt;人人有职责，事事有程序，作业有标准，体系有监督，不良有纠正&lt;/span&gt;&lt;/span&gt;&lt;/span&gt;&lt;br /&gt;');

-- ----------------------------
-- Table structure for think_email
-- ----------------------------
DROP TABLE IF EXISTS `think_email`;
CREATE TABLE `think_email` (
  `id` tinyint(3) unsigned NOT NULL AUTO_INCREMENT,
  `html` char(1) DEFAULT NULL COMMENT '是否允许发送“HTML代码”做为邮件的内容',
  `charset` varchar(255) DEFAULT NULL COMMENT '编码类型',
  `smtpauth` char(1) DEFAULT NULL COMMENT '是否需要身份验证',
  `smtpsecure` varchar(255) DEFAULT NULL COMMENT '加密方式',
  `from` varchar(255) DEFAULT NULL COMMENT '发送方邮件地址',
  `fromname` varchar(255) DEFAULT NULL COMMENT '发送方名称，会显示在邮件的内容中，可以自定义',
  `host` varchar(255) DEFAULT NULL COMMENT '发送邮件的服务协议地址，中转邮件服务器地址',
  `username` varchar(255) DEFAULT NULL COMMENT '发送方帐号',
  `password` varchar(255) DEFAULT NULL COMMENT '发送方帐号密码',
  `port` varchar(255) DEFAULT NULL COMMENT '发邮件端口号',
  `address` varchar(255) DEFAULT NULL COMMENT '收件人',
  `subject` varchar(255) DEFAULT NULL COMMENT '邮件标题',
  PRIMARY KEY (`id`)
) ENGINE=InnoDB AUTO_INCREMENT=2 DEFAULT CHARSET=utf8;

-- ----------------------------
-- Records of think_email
-- ----------------------------
INSERT INTO `think_email` VALUES ('1', '1', 'UTF-8', '1', 'ssl', 'waterlyx@qq.com', '传志播客企业站', 'smtp.qq.com', '644435068', 'cphosgrbgibpbfch', '465', '644435068@qq.com', '传志博客网站留言');

-- ----------------------------
-- Table structure for think_imgindex
-- ----------------------------
DROP TABLE IF EXISTS `think_imgindex`;
CREATE TABLE `think_imgindex` (
  `id` tinyint(4) unsigned NOT NULL AUTO_INCREMENT,
  `img_index` varchar(255) DEFAULT NULL,
  PRIMARY KEY (`id`)
) ENGINE=InnoDB AUTO_INCREMENT=22 DEFAULT CHARSET=utf8;

-- ----------------------------
-- Records of think_imgindex
-- ----------------------------
INSERT INTO `think_imgindex` VALUES ('19', '/Uploads/Index/2017-01-26/thumb_5889980c2413e.jpg');
INSERT INTO `think_imgindex` VALUES ('20', '/Uploads/Index/2017-01-26/thumb_5889980c249f6.jpg');
INSERT INTO `think_imgindex` VALUES ('21', '/Uploads/Index/2017-01-26/thumb_5889980c25162.jpg');

-- ----------------------------
-- Table structure for think_index
-- ----------------------------
DROP TABLE IF EXISTS `think_index`;
CREATE TABLE `think_index` (
  `id` tinyint(3) unsigned NOT NULL AUTO_INCREMENT,
  `title` varchar(255) DEFAULT NULL,
  `footer` varchar(255) DEFAULT NULL,
  `mintitle` varchar(255) DEFAULT NULL,
  `introduce` text,
  `img_title` varchar(255) DEFAULT NULL,
  PRIMARY KEY (`id`)
) ENGINE=InnoDB AUTO_INCREMENT=2 DEFAULT CHARSET=utf8;

-- ----------------------------
-- Records of think_index
-- ----------------------------
INSERT INTO `think_index` VALUES ('1', '华电恒瑞', '© 2017 一个响应、安全、快速的企业站', '北京华电恒瑞电力工程技术有限公司', '北京华电恒瑞电力工程技术有限公司致力于电力行业的新技术及新产品的研发、推广和应用，坚持高新技术产业化，产品技术国际化的方针。贯彻“平稳把握科技前沿，真诚传输恒久阳光”的企业口号，树立“以客户为关注焦点，追求服务尽善尽美”的服务宗旨，奉行“振兴企业　报效国家　奉献社会”的发展理念，塑造良好的企业形象。', '/Uploads/Title/2017-01-26/thumb_58899793bc098.png');

-- ----------------------------
-- Table structure for think_module
-- ----------------------------
DROP TABLE IF EXISTS `think_module`;
CREATE TABLE `think_module` (
  `id` tinyint(3) unsigned NOT NULL AUTO_INCREMENT,
  `nameZh` char(255) DEFAULT NULL,
  `nameEn` char(255) DEFAULT NULL,
  `show` char(1) DEFAULT NULL COMMENT '是否显示',
  `index` char(1) DEFAULT NULL COMMENT '是否首页显示',
  PRIMARY KEY (`id`)
) ENGINE=InnoDB AUTO_INCREMENT=5 DEFAULT CHARSET=utf8;

-- ----------------------------
-- Records of think_module
-- ----------------------------
INSERT INTO `think_module` VALUES ('1', '新闻中心', 'News Center', '1', '1');
INSERT INTO `think_module` VALUES ('2', '招贤纳士', 'Job', '1', '0');
INSERT INTO `think_module` VALUES ('3', '产品', 'Product', '1', '1');
INSERT INTO `think_module` VALUES ('4', '刘业兴', 'lyx', '0', '0');

-- ----------------------------
-- Table structure for think_news
-- ----------------------------
DROP TABLE IF EXISTS `think_news`;
CREATE TABLE `think_news` (
  `id` int(10) unsigned NOT NULL AUTO_INCREMENT,
  `title` char(255) DEFAULT NULL,
  `content` text,
  `time` char(13) DEFAULT NULL,
  `show` char(1) DEFAULT NULL,
  `top` char(1) DEFAULT NULL,
  `hits` bigint(10) unsigned DEFAULT NULL,
  `module` char(2) DEFAULT NULL COMMENT '1->新闻，2->招聘，3->产品',
  `img` char(100) DEFAULT NULL,
  PRIMARY KEY (`id`)
) ENGINE=InnoDB AUTO_INCREMENT=33 DEFAULT CHARSET=utf8;

-- ----------------------------
-- Records of think_news
-- ----------------------------
INSERT INTO `think_news` VALUES ('21', '华电恒瑞顺利通过国网山东省电力公司供应商资质能力核实', '&lt;span style=&quot;font-family:微软雅黑;&quot;&gt;&lt;span style=&quot;line-height:3em;&quot;&gt;&lt;span style=&quot;font-size:16px;&quot;&gt;&amp;nbsp;&amp;nbsp;&amp;nbsp;&amp;nbsp;&amp;nbsp;&amp;nbsp;&amp;nbsp;&amp;nbsp;为拓展公司业务范围，规范公司生产行为，我公司参与&lt;/span&gt;&lt;/span&gt;&lt;/span&gt;&lt;span style=&quot;font-size:16px;&quot;&gt;&lt;span style=&quot;font-family:微软雅黑;line-height:3em;&quot;&gt;国网山&lt;/span&gt;&lt;span style=&quot;font-family:微软雅黑;line-height:30px;background-color:#FFFFFF;&quot;&gt;东省电力公司2016年第二批10kV配网协议库存供应商资质能力核实活动，并顺利通过验收审查。&lt;/span&gt;&lt;/span&gt;&lt;br /&gt;\r\n&lt;span style=&quot;font-family:微软雅黑;&quot;&gt;&lt;span style=&quot;line-height:3em;&quot;&gt;&lt;span style=&quot;font-size:16px;&quot;&gt;　　评估期间，国家电网山东省电力公司的专家考察了我公司生产现场，查验了产品生产过程、工作环境及产品各项试验数据、工艺控制记录，并对我公司的资质、业绩、管理体系、研发能力、产品鉴定情况等进行了现场核实。&lt;br /&gt;\r\n　　通过评估审查，&lt;/span&gt;&lt;/span&gt;&lt;/span&gt;&lt;span style=&quot;font-size:16px;font-family:微软雅黑;line-height:3em;&quot;&gt;国网山&lt;/span&gt;&lt;span style=&quot;font-size:16px;font-family:微软雅黑;line-height:30px;background-color:#FFFFFF;&quot;&gt;东省电力公司&lt;/span&gt;&lt;span style=&quot;font-family:微软雅黑;&quot;&gt;&lt;span style=&quot;line-height:3em;&quot;&gt;&lt;span style=&quot;font-size:16px;&quot;&gt;专家对我公司的生产技术和生产能力给予肯定，同时，就现场管理、质量跟踪等方面提出了一些中肯的意见，希望我公司精益求精，为电网的经济安全运行做出新的更大的贡献！&lt;/span&gt;&lt;/span&gt;&lt;/span&gt;', '1485413195', '1', '1', '29', '1', '/Uploads/News/1/2017-01-26/thumb_58899b4b5ba9d.jpg');
INSERT INTO `think_news` VALUES ('22', '我国首台AP1000核电机组将于明年底投运', '&lt;span style=&quot;line-height:1.5em;&quot;&gt;&lt;span style=&quot;font-size:18px;&quot;&gt;&lt;span style=&quot;font-family:宋体;&quot;&gt;&amp;nbsp;&amp;nbsp; 记者２９日从“２０１４年三代核电ＡＰ／ＣＡＰ合格供应商年会”获悉，原定２０１３年建成的我国首台也是全球首台第三代先进压水堆ＡＰ１０００型核电机组——浙江三门核电站１号机组，在克服设计固化和设备制造的种种困难后，将于２０１５年底并网发电。&lt;/span&gt;&lt;/span&gt;&lt;/span&gt; \r\n&lt;p&gt;\r\n	&lt;span style=&quot;line-height:1.5em;&quot;&gt;&lt;span style=&quot;font-size:18px;&quot;&gt;&lt;span style=&quot;font-family:宋体;&quot;&gt;　\r\n　国家核电技术公司董事长王炳华介绍，包括浙江三门两台和山东海阳两台在内的我国第三代核电自主化依托项目４台ＡＰ１０００机组目前建设总体进展顺利。首\r\n台即三门１号机组的核岛土建施工基本完成，正在进行系统移交与调试准备，明年底将实现并网发电。海阳１号机组晚其３个月，预计２０１６年初并网发电。&lt;/span&gt;&lt;/span&gt;&lt;/span&gt;\r\n&lt;/p&gt;\r\n&lt;p&gt;\r\n	&lt;span style=&quot;line-height:1.5em;&quot;&gt;&lt;span style=&quot;font-size:18px;&quot;&gt;&lt;span style=&quot;font-family:宋体;&quot;&gt;　\r\n　ＡＰ１０００是我国从美国西屋公司引进的第三代核电技术。在引进消化吸收这项技术的基础上，我国正在开发具有自主知识产权的“升级版”ＣＡＰ１４００机\r\n型。王炳华介绍，目前ＣＡＰ１４００的初步设计已通过国家审查，施工设计完成约６５％。规划在山东荣成石岛湾建设ＣＡＰ１４００两台机组的各项前期工作进\r\n展顺利，预计今年内开工，２０１８年首台机组并网发电。&lt;/span&gt;&lt;/span&gt;&lt;/span&gt;\r\n&lt;/p&gt;\r\n&lt;p&gt;\r\n	&lt;span style=&quot;line-height:1.5em;&quot;&gt;&lt;span style=&quot;font-size:18px;&quot;&gt;&lt;span style=&quot;font-family:宋体;&quot;&gt;　\r\n　据悉，４台ＡＰ１０００机组设备的平均国产化率达到５５％，ＣＡＰ１４００机组的国产化率超过８０％。王炳华说，该公司已认证通过了１０９家境内外合格\r\n核电设备供应商，涵盖机械、电气、材料、工程、仪控和运行服务等六大领域。我国已形成ＡＰ１０００、ＣＡＰ１４００机型每年６－８台的设备和材料供应能\r\n力，已形成一个面向全球、中外共享的ＡＰ／ＣＡＰ三代核电供应链。&lt;/span&gt;&lt;/span&gt;&lt;/span&gt;\r\n&lt;/p&gt;\r\n&lt;p&gt;\r\n	&lt;span style=&quot;line-height:1.5em;&quot;&gt;&lt;span style=&quot;font-size:18px;&quot;&gt;&lt;span style=&quot;font-family:宋体;&quot;&gt;信息来源：新华网&lt;/span&gt;&lt;/span&gt;&lt;/span&gt;\r\n&lt;/p&gt;', '1485412605', '1', '0', '3', '1', '/Uploads/News/1/2017-01-26/thumb_588998fd06243.jpg');
INSERT INTO `think_news` VALUES ('23', '国家能源局1日三文挺光伏要求电网年底加速并网', '&lt;span style=&quot;font-size:16px;&quot;&gt; &amp;nbsp;&amp;nbsp;&amp;nbsp;&amp;nbsp;&amp;nbsp;&amp;nbsp; 12月24日，国家能源局连发三项文件力挺光伏发展，要求电网力争使具备并网条件的项目在今年12月底前实现并网运行。同时，进一步推进分布式光伏发电示\r\n范区建设，数目从以前的18个增至30个。此外，太阳能发展“十三五”规划编制工作的时间表也浮出水面，要求2015年8月底形成全国规划送审稿。而按照\r\n此前发布的《能源发展行动战略计划》，2020年光伏装机目标将比“十二五”翻一番达到1亿千瓦左右。&lt;br /&gt;\r\n　　业内人士认为，这一举动是为冲刺完成年度目标。在年底抢装和并网政策利好下，今年完成新增并网10吉瓦没有问题。而分布式光伏作为国家力推的重点，景气攀升速度将更快。预计明年一季度光伏行业将出现“淡季不淡”的向好局面。&lt;br /&gt;\r\n　　数据显示，今年前三季度，全国光伏发电量约180亿千瓦时，相当于2013年全年发电量的200%。但前三季度，全国新增光伏发电并网容量仅为379万千瓦，距离相对保守的10吉瓦全年目标还有较大差距。&lt;br /&gt;\r\n　　“由于光伏电站与配套电网建设周期差别大、分布式光伏发电量大面广等原因，依然存在一定程度的光伏发电项目接网滞后问题。”24日发布的《国家能源局\r\n综合司关于做好2014年光伏发电项目接网工作的通知》提出，对今年12月底前能够完成主体工程且具备并网条件的光伏发电项目，电网企业要简化内部管理流\r\n程，提高工作效率，实现并网运行。&lt;br /&gt;\r\n　　多位业内人士认为，在这种情况下，国内完成10吉瓦甚至冲击12吉瓦的可能性还是很大。“一般大规模的地面电站，在年末将会涌现不约而同并网的现\r\n象。”光伏电站的并网热情，从组件供应情况可窥一斑。晶澳、天合、晶科和英利等一线组件厂商披露的相关材料显示，各家均已经满产，今年已没有空闲产能再接\r\n新订单。&lt;br /&gt;\r\n　　而分布式光伏也是国家政策重点扶持的对象。同一日下发的《国家能源局关于公布分布式光伏发电应用示范区建设的通知》明确，在国家能源局已公布的第一批\r\n18个分布式光伏发电应用示范区外，增加嘉兴光伏高新区等12个园区，如各省年度规模指标不足，可按照“先备案，后追加规模指标”方式建设和管理。&lt;br /&gt;\r\n　　“目前国家对分布式光伏电站项目的支持力度非常大，较高的投资回报收益也吸引了很多人进行投资。”英利光伏电力投资集团总经理张哲告诉《经济参考报》\r\n记者，分布式光伏电站拥有巨大的市场潜力，截至目前，公司在北京、广西、江苏、湖南等22个省市安装分布式电站项目699个，发展分布式经销商近200\r\n家。&lt;br /&gt;\r\n　　信息来源：《经济参考报》&lt;/span&gt;', '1485412655', '1', '0', '12', '1', '/Uploads/News/1/2017-01-26/thumb_5889992f7e778.jpg');
INSERT INTO `think_news` VALUES ('24', '我国将加快新能源微电网示范项目建设', '&lt;span style=&quot;color:#000000;&quot;&gt;&amp;nbsp;&amp;nbsp;&lt;/span&gt; &lt;span style=&quot;font-size:14px;font-family:NSimSun;color:#000000;&quot;&gt;国家能源局22日对外发布《关于推进新能源微电网示范项目建设的指导意见》，提出加快推进新能源微电网示范工程建设，探索适应新能源发展的微电网技术及运营管理体制。&lt;/span&gt;\r\n&lt;p style=&quot;font-size:14px;color:#545454;font-family:Arial, 宋体, Helvetica, sans-serif;text-align:justify;background-color:#FFFFFF;&quot;&gt;\r\n	&lt;span style=&quot;font-size:14px;font-family:NSimSun;color:#000000;&quot;&gt;　新能源微电网是基于局部配电网建设的，风、光、天然气等各类分布式能源多能互补的智慧型能源综合利用局域网，其具备较高新能源电力接入比例，可通过能量\r\n存储和优化配置实现本地能源生产与用能负荷基本平衡，可根据需要与公共电网灵活互动且相对独立运行。新能源微电网代表了未来能源发展趋势，可为新能源创造\r\n巨大发展空间。&lt;/span&gt;\r\n&lt;/p&gt;\r\n&lt;p style=&quot;font-size:14px;color:#545454;font-family:Arial, 宋体, Helvetica, sans-serif;text-align:justify;background-color:#FFFFFF;&quot;&gt;\r\n	&lt;span style=&quot;font-size:14px;font-family:NSimSun;color:#000000;&quot;&gt;　　意见提出，新能源微电网示范项目建设要坚持四方面原则。&lt;/span&gt;\r\n&lt;/p&gt;\r\n&lt;p style=&quot;font-size:14px;color:#545454;font-family:Arial, 宋体, Helvetica, sans-serif;text-align:justify;background-color:#FFFFFF;&quot;&gt;\r\n	&lt;span style=&quot;font-size:14px;font-family:NSimSun;color:#000000;&quot;&gt;　　一是因地制宜，创新机制。结合当地实际和新能源发展情况选择合理区域建设联网型微电网，在投资经营管理方面进行创新；在电网未覆盖的偏远地区、海岛等，优先选择新能源微电网方式，探索独立供电技术和经营管理新模式。&lt;/span&gt;\r\n&lt;/p&gt;\r\n&lt;p style=&quot;font-size:14px;color:#545454;font-family:Arial, 宋体, Helvetica, sans-serif;text-align:justify;background-color:#FFFFFF;&quot;&gt;\r\n	&lt;span style=&quot;font-size:14px;font-family:NSimSun;color:#000000;&quot;&gt;　　二是多能互补，自成一体。将各类分布式能源、储电蓄热(冷)及高效用能技术相结合，通过智能电网及综合能量管理系统，形成以可再生能源为主的高效一体化分布式能源系统。&lt;/span&gt;\r\n&lt;/p&gt;\r\n&lt;p style=&quot;font-size:14px;color:#545454;font-family:Arial, 宋体, Helvetica, sans-serif;text-align:justify;background-color:#FFFFFF;&quot;&gt;\r\n	&lt;span style=&quot;font-size:14px;font-family:NSimSun;color:#000000;&quot;&gt;　　三是技术先进、经济合理。集成分布式能源及智能一体化电力能源控制技术，形成先进高效的能源技术体系；与公共电网建立双向互动关系，灵活参与电力市场交易，使新能源微电网在一定的政策支持下具有经济合理性。&lt;/span&gt;\r\n&lt;/p&gt;\r\n&lt;p style=&quot;font-size:14px;color:#545454;font-family:Arial, 宋体, Helvetica, sans-serif;text-align:justify;background-color:#FFFFFF;&quot;&gt;\r\n	&lt;span style=&quot;font-size:14px;font-family:NSimSun;color:#000000;&quot;&gt;　　四是典型示范、易于推广。首先抓好典型示范项目建设，因地制宜探索各类分布式能源和智能电网技术应用，创新管理体制和商业模式；整合各类政策，形成具有本地特点且易于复制的典型模式，在示范的基础上逐步推广。&lt;/span&gt;\r\n&lt;/p&gt;\r\n&lt;span&gt;&lt;/span&gt;', '1485413918', '1', '0', '6', '1', '/Uploads/News/1/2017-01-26/thumb_588999c29ab32.jpg');
INSERT INTO `think_news` VALUES ('25', 'KYN28A-12型开关设备', '&lt;br /&gt;\r\n&lt;p&gt;\r\n	&lt;img src=&quot;/Public/editor/php/../attached/image/20170126/20170126080501_27839.jpg&quot; alt=&quot;&quot; height=&quot;1284&quot; width=&quot;1000&quot; /&gt; \r\n&lt;/p&gt;\r\n&lt;p&gt;\r\n	&lt;br /&gt;\r\n&lt;/p&gt;', '1485414550', '1', '0', '11', '3', '/Uploads/News/3/2017-01-26/thumb_58899fa6bc911.jpg');
INSERT INTO `think_news` VALUES ('26', 'ZW32-12(24)型真空断路器', '&lt;img src=&quot;/Public/editor/attached/image/20170126/20170126081441_57241.jpg&quot; alt=&quot;&quot; height=&quot;1285&quot; width=&quot;1000&quot; /&gt;', '1485414889', '1', '0', '7', '3', '/Uploads/News/3/2017-01-26/thumb_5889a1bea4d6c.jpg');
INSERT INTO `think_news` VALUES ('27', 'ZW7A-40.6型真空断路器', '&lt;img src=&quot;/Public/editor/attached/image/20170126/20170126081602_85698.jpg&quot; alt=&quot;&quot; height=&quot;1285&quot; width=&quot;1000&quot; /&gt;', '1485942083', '1', '1', '7', '3', '/Uploads/News/3/2017-01-26/thumb_5889a23ae794b.jpg');
INSERT INTO `think_news` VALUES ('28', '技术部岗位人员需求（技术支持工程师）', '&lt;span style=&quot;font-size:16px;&quot;&gt;&lt;span style=&quot;line-height:1.5em;&quot;&gt;&lt;span style=&quot;font-size:20px;&quot;&gt;&lt;strong&gt;技术支持工程师（若干名）&lt;/strong&gt;&lt;/span&gt;&lt;br /&gt;\r\n&lt;br /&gt;\r\n&lt;span style=&quot;font-size:18px;&quot;&gt;&lt;strong&gt;工作职责&lt;/strong&gt;&lt;/span&gt;&lt;/span&gt;&lt;/span&gt;&lt;span style=&quot;line-height:1.5em;&quot;&gt;&lt;span style=&quot;font-size:18px;&quot;&gt;：&lt;br /&gt;\r\n1、熟悉行业动态和产品发展方向；&lt;br /&gt;\r\n2、负责售前技术洽谈、方案设计分析等工作；&lt;br /&gt;\r\n3、负责技术标书编制相关技术工作；&lt;br /&gt;\r\n4、负责产品报价相关技术支持性工作；&lt;br /&gt;\r\n5、负责合同实施方案设计、技术联络及相关文件编制工作；&lt;br /&gt;\r\n6、负责协助销售部门进行公司产品宣讲、推广等工作；&lt;br /&gt;\r\n7、负责项目文件资料收集整理归档等工作；&lt;br /&gt;\r\n8、完成领导交给的其他任务；&lt;br /&gt;\r\n&lt;br /&gt;\r\n&lt;strong&gt;任职要求&lt;/strong&gt;：&lt;br /&gt;\r\n1、电气工程及其自动化相关专业本科及以上学历；&lt;br /&gt;\r\n2、具有三年以上规模化中高压开关类企业技术工作经验，熟悉电力系统相关知识及电力系统技术要求规范；&lt;br /&gt;\r\n3、熟悉产品的结构，并能够根据系统图，提出合理的设计方案；&lt;br /&gt;\r\n4、熟练使用OFFICE,Auto-CAD等相关专业软件；&lt;br /&gt;\r\n5、有责任心，团队协作能力强；&lt;/span&gt;&lt;/span&gt;', '1485421831', '1', '0', '14', '2', '/Uploads/News/2/2017-01-26/thumb_5889bd075a136.gif');
INSERT INTO `think_news` VALUES ('29', '技术部岗位人员需求（售后服务工程师）', '&lt;span style=&quot;font-size:16px;&quot;&gt;&lt;span style=&quot;font-size:20px;&quot;&gt;&lt;strong&gt;售后服务工程师：&lt;/strong&gt;&lt;strong&gt;(&lt;/strong&gt;&lt;strong&gt;若干名&lt;/strong&gt;&lt;strong&gt;)&lt;/strong&gt;&lt;/span&gt;&lt;br /&gt;\r\n&lt;br /&gt;\r\n&lt;br /&gt;\r\n&lt;span style=&quot;font-family:宋体;&quot;&gt;&lt;span style=&quot;line-height:1.5em;&quot;&gt;&lt;span style=&quot;font-size:18px;&quot;&gt;&lt;strong&gt;工作职责&lt;/strong&gt;：&lt;/span&gt;&lt;/span&gt;&lt;/span&gt;&lt;/span&gt;&lt;br /&gt;\r\n&lt;span style=&quot;font-family:宋体;&quot;&gt;&lt;span style=&quot;line-height:1.5em;&quot;&gt;&lt;span style=&quot;font-size:18px;&quot;&gt;1、负责现场售后服务工作的实施，如接货、安装、调试等工作；&lt;br /&gt;\r\n2、负责现场质量问题的处理、反馈、跟踪，并完成相应文件；&lt;br /&gt;\r\n3、负责给客户就有关产品使用、操作做咨询、培训、指导；&lt;br /&gt;\r\n4、负责现场需用物资的使用和管理；&lt;br /&gt;\r\n5、负责协助客户投诉的处理及客户满意度的调查；&lt;br /&gt;\r\n6、负责用户和服务相关电话的接听、记录、处理；&lt;br /&gt;\r\n7、收集反馈现场的产品信息，并对售后资料进行整理归档；&lt;br /&gt;\r\n8、完成领导交给的其他任务&amp;nbsp;&amp;nbsp;&amp;nbsp;&amp;nbsp;&amp;nbsp;&amp;nbsp;&amp;nbsp;&amp;nbsp;&amp;nbsp;&lt;br /&gt;\r\n&amp;nbsp;&lt;br /&gt;\r\n&lt;strong&gt;任职要求&lt;/strong&gt;：&lt;br /&gt;\r\n1、机械、电气、电力等相关类专业专科及以上学历；&lt;br /&gt;\r\n2、具备吃苦耐劳、善于沟通、动手能力强；&lt;br /&gt;\r\n3、具有1-2年以上本行业售后服务等相关经验。&lt;br /&gt;\r\n4、对待工作积极向上具有团队精神，适应经常性出差。&lt;/span&gt;&lt;/span&gt;&lt;/span&gt;', '1485421821', '1', '0', '6', '2', '/Uploads/News/2/2017-01-26/thumb_5889bcfd4196a.gif');
INSERT INTO `think_news` VALUES ('30', '商务部岗位人员需求(商务部助理）', '&lt;span style=&quot;font-family:宋体;&quot;&gt;&lt;span style=&quot;line-height:1.5em;&quot;&gt;&lt;span style=&quot;font-size:18px;&quot;&gt;&lt;span style=&quot;font-size:20px;&quot;&gt;&lt;strong&gt;商务部助理&lt;/strong&gt;：&lt;strong&gt;(&lt;/strong&gt;&lt;strong&gt;两名&lt;/strong&gt;&lt;strong&gt;)&lt;/strong&gt;&lt;/span&gt;&lt;br /&gt;\r\n&lt;br /&gt;\r\n&lt;strong&gt;工作职责:&lt;/strong&gt;&lt;br /&gt;\r\n1、承办具体合同谈判以及合同签订的后续跟踪事宜、&lt;br /&gt;\r\n2、协助部门经理完成其它日常工作。&lt;br /&gt;\r\n3、承办各项商务工作，代表公司与购销方联络&lt;br /&gt;\r\n4、维护与客户的良好关系以及建立持久联系，不断扩宽现有客户的产品渠道，丰富业务内容。&lt;br /&gt;\r\n5、一人跟单到底，把合同执行到最后。&lt;br /&gt;\r\n&lt;br /&gt;\r\n&lt;strong&gt;任职要求：&lt;/strong&gt;&lt;br /&gt;\r\n1、本科以上学历，市场营销、经济管理等相关专业。&amp;nbsp;&lt;br /&gt;\r\n2、具有采购或相关行业经验者优先，英文水平优秀者优先 。&lt;br /&gt;\r\n3、具备一定的信息搜集能力，能吃苦耐劳。&lt;br /&gt;\r\n4、有良好的沟通表达能力，较强的商务谈判能力，态度端正，熟悉招投标流程。5、具有团队合作意识和良好的敬业精神。&lt;/span&gt;&lt;/span&gt;&lt;/span&gt;', '1485421801', '1', '0', '5', '2', '/Uploads/News/2/2017-01-26/thumb_5889bce96752a.gif');
INSERT INTO `think_news` VALUES ('31', '华春莹致名古屋市长河村隆之：请履行承诺跪地道歉', '&lt;p style=&quot;text-indent:2em;&quot;&gt;\r\n	【环球时报-环球网报道 记者 \r\n白云怡】当日本右翼酒店APA在客房摆置否认“南京大屠杀”书籍一事在中日两国间引发广泛议论之际，日本名古屋市市长河村隆之23日再次公然否认南京大屠\r\n杀。河村隆之称，如果日方真的屠杀了30万平民，那必须跪地道歉，但根本就不存在什么南京大屠杀。对此，中国&lt;span&gt;&lt;a href=&quot;http://t.qq.com/wj_xlt#pref=qqcom.keyword&quot; target=&quot;_blank&quot;&gt;外交部&lt;/a&gt;&lt;/span&gt;发言人华春莹24日在接受《环球时报》记者有关问询时表示，南京大屠杀这个事实在国际上早有公论，请这位市长去履行承诺。\r\n&lt;/p&gt;\r\n&lt;p style=&quot;text-indent:2em;&quot;&gt;\r\n	在\r\n24日举行的例行记者会上，中国外交部发言人华春莹对《环球时报》记者表示，关于名古屋市长的有关言论，“我想告诉他的是，南京大屠杀是历史事实，国际上\r\n也早有公论。请这位市长去履行他的承诺。”华春莹称，中国愿与日方友好交流，但绝不会容忍歪曲历史、伤害中国人民感情的公然挑衅行为。不管什么人，如果恣\r\n意妄为，必然会付出代价。\r\n&lt;/p&gt;\r\n&lt;p style=&quot;text-indent:2em;&quot;&gt;\r\n	据日本《朝日新闻》1月23日报道，在当天的名古屋市长例\r\n行记者会上，河村隆之对APA酒店和其董事长元谷外志雄的所作所为表示充分理解。他表示：“别管什么内容，那没啥大不了的”。河村称，“根本就没有平民被\r\n屠杀，只有一般的战争行为。政府见解也不认为发生过‘屠杀’嘛。”但《朝日新闻》之后引述了日本外务省网站上的相关表述：日本政府认为，日本军队1937\r\n年进入南京后，出现了杀害和抢劫非战斗人员的情况，这一点无法否认。\r\n&lt;/p&gt;\r\n针对日本极少数\r\n极右分子的挑衅，中国国家旅游局24日公布有关措施，要求所有中国出境旅游企业和旅游电商服务平台全面停止与APA酒店合作，停止使用该酒店作为地接酒店\r\n并下架所有该酒店的旅游产品及相关宣传广告，呼吁中国访日团组和广大游客，自觉抵制APA酒店的错误做法，不进该酒店消费。', '1485421640', '1', '0', '9', '1', '/Uploads/News/1/2017-01-26/thumb_5889bc4872362.jpg');
INSERT INTO `think_news` VALUES ('32', '特朗普再签行政命令 推翻奥巴马任内决定', '&lt;p style=&quot;text-indent:2em;&quot;&gt;\r\n	中新社华盛顿1月24日电 (记者 刁海洋)美国总统特朗普24日在白宫签署行政命令，决定重启美加“拱心石”XL输油管道项目。此举直接推翻了奥巴马任内否决该项目的决定。\r\n&lt;/p&gt;\r\n&lt;p style=&quot;text-indent:2em;&quot;&gt;\r\n	特朗普当天上午在白宫椭圆办公室签署了上述行政命令。他表示，该项目可为美国创造2.8万个就业岗位。他说，该项目中的一些条款存在争议，需要重新进行协商。\r\n&lt;/p&gt;\r\n&lt;p style=&quot;text-indent:2em;&quot;&gt;\r\n	“拱心石”XL输油管道项目是加拿大管道公司计划修建的一条全长1179英里(约1900公里)的输油管道，该管道从加拿大艾伯塔省跨境延伸至美国内布拉斯加州。奥巴马政府于2015年11月以不符合美国国家利益、削弱美国在气候变化问题上的国际领导力为由否决了该项目。\r\n&lt;/p&gt;\r\n&lt;p style=&quot;text-indent:2em;&quot;&gt;\r\n	在白宫24日举行的记者会上，有记者向发言人斯派塞提问，美国究竟将重新协商哪些条款。斯派塞回应称，在以往的建设项目中，石油公司可赚取大把钞票，但普通工人却收益甚少。特朗普总统将最大程度为美国工人争取利益。\r\n&lt;/p&gt;\r\n&lt;p style=&quot;text-indent:2em;&quot;&gt;\r\n	同在24日，特朗普签署行政命令，批准北达科他州输油管道建设项目。在另外一份行政命令中，特朗普要求修建该项目所需的管道必须在美国国内生产。他说，“如果在美国修建管道，那么管道就应该在美国国内制造，这将给美国钢铁工人带来大量的工作机会。”\r\n&lt;/p&gt;\r\n特朗普在当天签署的另外两份行政命令中决定，更改输油管道项目以及基础设施建设项目的审批程序。他表示，需要加快推进环境评估和审批的程序，不能为了修一座桥或一条公路等上15年时间。', '1485421677', '1', '0', '11', '1', '/Uploads/News/1/2017-01-26/thumb_5889bc6d58ba3.jpg');

-- ----------------------------
-- Table structure for think_user
-- ----------------------------
DROP TABLE IF EXISTS `think_user`;
CREATE TABLE `think_user` (
  `id` tinyint(3) unsigned NOT NULL AUTO_INCREMENT COMMENT '用户id',
  `username` char(60) NOT NULL COMMENT '用户名',
  `password` char(32) NOT NULL COMMENT '用户密码',
  `logintime` char(10) NOT NULL COMMENT '上一次用户登陆时间',
  `nowlogintime` char(10) DEFAULT NULL COMMENT '当前的登录时间',
  PRIMARY KEY (`id`)
) ENGINE=InnoDB AUTO_INCREMENT=2 DEFAULT CHARSET=utf8;

-- ----------------------------
-- Records of think_user
-- ----------------------------
INSERT INTO `think_user` VALUES ('1', '123', '250cf8b51c773f3f8dc8b4be867a9a02', '1486454417', '1486454444');
